_2017rank,City,State_c_,_2017estimate,_2010Census,Change,_2016_land_area,_2016_land_area__km2_,_2016_population_density,_2016_population_density__km2_,Location
100,Des Moines,Iowa,217521,203433,+6.93%,88.9sqmi,230.2km2,"2,424/sqmi",936/km2,41°34′21″N 93°36′37″W / 41.5726°N 93.6102°W / 41.5726; -93.6102 (Des Moines)
209,Cedar Rapids,Iowa,132228,126326,+4.67%,70.8sqmi,183.4km2,"1,852/sqmi",715/km2,41°58′01″N 91°40′40″W / 41.9670°N 91.6778°W / 41.9670; -91.6778 (Cedar Rapids)
300,Davenport,Iowa,102320,99685,+2.64%,62.9sqmi,162.9km2,"1,631/sqmi",630/km2,41°33′15″N 90°36′14″W / 41.5541°N 90.6040°W / 41.5541; -90.6040 (Davenport)
14,Columbus,Ohio,879170,787033,+11.71%,218.5sqmi,565.9km2,"3,936/sqmi","1,520/km2",39°59′07″N 82°59′05″W / 39.9852°N 82.9848°W / 39.9852; -82.9848 (15 Columbus)
51,Cleveland,Ohio,385525,396815,−2.85%,77.7sqmi,201.2km2,"4,965/sqmi","1,917/km2",41°28′43″N 81°40′46″W / 41.4785°N 81.6794°W / 41.4785; -81.6794 (Cleveland)
66,Cincinnati,Ohio,301301,296943,+1.47%,77.4sqmi,200.5km2,"3,860/sqmi","1,490/km2",39°08′25″N 84°30′21″W / 39.1402°N 84.5058°W / 39.1402; -84.5058 (Cincinnati)
74,Toledo,Ohio,276491,287208,−3.73%,80.7sqmi,209.0km2,"3,451/sqmi","1,332/km2",41°39′51″N 83°34′55″W / 41.6641°N 83.5819°W / 41.6641; -83.5819 (Toledo)
121,Akron,Ohio,197846,199110,−0.63%,62.0sqmi,160.6km2,"3,188/sqmi","1,231/km2",41°04′50″N 81°31′17″W / 41.0805°N 81.5214°W / 41.0805; -81.5214 (Akron)
189,Dayton,Ohio,140371,141527,−0.82%,55.7sqmi,144.3km2,"2,522/sqmi",974/km2,39°46′39″N 84°11′59″W / 39.7774°N 84.1996°W / 39.7774; -84.1996 (Dayton)
116,Salt Lake City,Utah,200544,186440,+7.56%,111.2sqmi,288.0km2,"1,742/sqmi",673/km2,40°46′37″N 111°55′52″W / 40.7769°N 111.9310°W / 40.7769; -111.9310 (Salt Lake City)
196,West Valley City,Utah,136170,129480,+5.17%,35.5sqmi,91.9km2,"3,847/sqmi","1,485/km2",40°41′19″N 112°00′42″W / 40.6885°N 112.0118°W / 40.6885; -112.0118 (West Valley City)
237,Provo,Utah,117335,112488,+4.31%,41.7sqmi,108.0km2,"2,803/sqmi","1,082/km2",40°14′43″N 111°38′41″W / 40.2453°N 111.6448°W / 40.2453; -111.6448 (Provo)
249,West Jordan,Utah,113905,103712,+9.83%,32.3sqmi,83.7km2,"3,520/sqmi","1,360/km2",40°36′09″N 112°00′03″W / 40.6024°N 112.0008°W / 40.6024; -112.0008 (West Jordan)
98,Boise[r],Idaho,226570,205671,+10.16%,82.1sqmi,212.6km2,"2,718/sqmi","1,049/km2",43°36′01″N 116°13′54″W / 43.6002°N 116.2317°W / 43.6002; -116.2317 (Boise)
4,Houston[3],Texas,2312717,2100263,+10.12%,637.5sqmi,"1,651.1km2","3,613/sqmi","1,395/km2",29°47′12″N 95°23′27″W / 29.7866°N 95.3909°W / 29.7866; -95.3909 (4 Houston)
7,San Antonio,Texas,1511946,1327407,+13.90%,461.0sqmi,"1,194.0km2","3,238/sqmi","1,250/km2",29°28′21″N 98°31′30″W / 29.4724°N 98.5251°W / 29.4724; -98.5251 (7 San Antonio)
9,Dallas,Texas,1341075,1197816,+11.96%,340.9sqmi,882.9km2,"3,866/sqmi","1,493/km2",32°47′36″N 96°45′59″W / 32.7933°N 96.7665°W / 32.7933; -96.7665 (9 Dallas)
11,Austin,Texas,950715,790390,+20.28%,312.7sqmi,809.9km2,"3,031/sqmi","1,170/km2",30°18′14″N 97°45′16″W / 30.3039°N 97.7544°W / 30.3039; -97.7544 (11 Austin)
15,Fort Worth,Texas,874168,741206,+17.94%,342.9sqmi,888.1km2,"2,491/sqmi",962/km2,32°46′53″N 97°20′48″W / 32.7815°N 97.3467°W / 32.7815; -97.3467 (16 Fort Worth)
22,El Paso,Texas,683577,649121,+5.31%,256.8sqmi,665.1km2,"2,660/sqmi","1,030/km2",31°50′54″N 106°25′37″W / 31.8484°N 106.4270°W / 31.8484; -106.4270 (19 El Paso)
48,Arlington,Texas,396394,365438,+8.47%,95.8sqmi,248.1km2,"4,100/sqmi","1,600/km2",32°42′03″N 97°07′29″W / 32.7007°N 97.1247°W / 32.7007; -97.1247 (Arlington)
59,Corpus Christi,Texas,325605,305215,+6.68%,174.6sqmi,452.2km2,"1,866/sqmi",720/km2,27°45′15″N 97°10′24″W / 27.7543°N 97.1734°W / 27.7543; -97.1734 (Corpus Christi)
69,Plano,Texas,286143,259841,+10.12%,71.7sqmi,185.7km2,"3,990/sqmi","1,540/km2",33°03′03″N 96°44′52″W / 33.0508°N 96.7479°W / 33.0508; -96.7479 (Plano)
80,Laredo,Texas,260654,236091,+10.40%,101.1sqmi,261.8km2,"2,544/sqmi",982/km2,27°33′37″N 99°29′21″W / 27.5604°N 99.4892°W / 27.5604; -99.4892 (Laredo)
83,Lubbock,Texas,253888,229573,+10.59%,124.6sqmi,322.7km2,"2,027/sqmi",783/km2,33°33′56″N 101°53′12″W / 33.5656°N 101.8867°W / 33.5656; -101.8867 (Lubbock)
93,Irving,Texas,240373,216290,+11.13%,67.0sqmi,173.5km2,"3,557/sqmi","1,373/km2",32°51′28″N 96°58′12″W / 32.8577°N 96.9700°W / 32.8577; -96.9700 (Irving)
95,Garland,Texas,238002,226876,+4.90%,57.0sqmi,147.6km2,"4,122/sqmi","1,592/km2",32°54′35″N 96°37′49″W / 32.9098°N 96.6303°W / 32.9098; -96.6303 (Garland)
117,Amarillo,Texas,199826,190695,+4.79%,101.4sqmi,262.6km2,"1,968/sqmi",760/km2,35°12′00″N 101°49′49″W / 35.1999°N 101.8302°W / 35.1999; -101.8302 (Amarillo)
125,Grand Prairie,Texas,193837,175396,+10.51%,72.3sqmi,187.3km2,"2,637/sqmi","1,018/km2",32°41′13″N 97°01′16″W / 32.6869°N 97.0211°W / 32.6869; -97.0211 (Grand Prairie)
135,Brownsville,Texas,183299,175023,+4.73%,132.5sqmi,343.2km2,"1,387/sqmi",536/km2,25°59′57″N 97°27′18″W / 25.9991°N 97.4550°W / 25.9991; -97.4550 (Brownsville)
136,McKinney,Texas,181330,131117,+38.30%,63.0sqmi,163.2km2,"2,735/sqmi","1,056/km2",33°11′55″N 96°40′05″W / 33.1985°N 96.6680°W / 33.1985; -96.6680 (McKinney)
142,Frisco,Texas,177286,116989,+51.54%,67.7sqmi,175.3km2,"2,417/sqmi",933/km2,33°09′19″N 96°49′21″W / 33.1554°N 96.8226°W / 33.1554; -96.8226 (Frisco)
168,Pasadena,Texas,153520,149043,+3.00%,43.5sqmi,112.7km2,"3,525/sqmi","1,361/km2",29°39′31″N 95°09′02″W / 29.6586°N 95.1506°W / 29.6586; -95.1506 (Pasadena)
181,Killeen,Texas,145482,127921,+13.73%,53.5sqmi,138.6km2,"2,680/sqmi","1,030/km2",31°04′40″N 97°43′55″W / 31.0777°N 97.7320°W / 31.0777; -97.7320 (Killeen)
183,Mesquite,Texas,143949,139824,+2.95%,47.2sqmi,122.2km2,"3,045/sqmi","1,176/km2",32°45′46″N 96°35′20″W / 32.7629°N 96.5888°W / 32.7629; -96.5888 (Mesquite)
185,McAllen,Texas,142696,129877,+9.87%,58.4sqmi,151.3km2,"2,435/sqmi",940/km2,26°13′56″N 98°14′47″W / 26.2322°N 98.2464°W / 26.2322; -98.2464 (McAllen)
193,Waco,Texas,136436,124805,+9.32%,89.0sqmi,230.5km2,"1,510/sqmi",580/km2,31°33′36″N 97°11′10″W / 31.5601°N 97.1860°W / 31.5601; -97.1860 (Waco)
195,Denton,Texas,136268,113383,+20.18%,93.4sqmi,241.9km2,"1,433/sqmi",553/km2,33°13′00″N 97°08′29″W / 33.2166°N 97.1414°W / 33.2166; -97.1414 (Denton)
197,Midland,Texas,136089,111147,+22.44%,74.4sqmi,192.7km2,"1,809/sqmi",698/km2,32°01′29″N 102°06′49″W / 32.0246°N 102.1135°W / 32.0246; -102.1135 (Midland)
198,Carrollton,Texas,135710,119097,+13.95%,36.3sqmi,94.0km2,"3,674/sqmi","1,419/km2",32°59′18″N 96°53′59″W / 32.9884°N 96.8998°W / 32.9884; -96.8998 (Carrollton)
221,Round Rock,Texas,123678,99887,+23.82%,35.6sqmi,92.2km2,"3,396/sqmi","1,311/km2",30°31′31″N 97°39′58″W / 30.5252°N 97.6660°W / 30.5252; -97.6660 (Round Rock)
228,Abilene,Texas,121885,117063,+4.12%,106.7sqmi,276.4km2,"1,146/sqmi",442/km2,32°27′16″N 99°44′17″W / 32.4545°N 99.7381°W / 32.4545; -99.7381 (Abilene)
232,Pearland,Texas,119940,91252,+31.44%,46.3sqmi,119.9km2,"2,453/sqmi",947/km2,29°33′21″N 95°19′23″W / 29.5558°N 95.3231°W / 29.5558; -95.3231 (Pearland)
233,Beaumont,Texas,119114,118296,+0.69%,82.1sqmi,212.6km2,"1,441/sqmi",556/km2,30°05′06″N 94°08′43″W / 30.0849°N 94.1453°W / 30.0849; -94.1453 (Beaumont)
240,Odessa,Texas,116861,99940,+16.93%,45.2sqmi,117.1km2,"2,608/sqmi","1,007/km2",31°53′02″N 102°20′28″W / 31.8838°N 102.3411°W / 31.8838; -102.3411 (Odessa)
241,Richardson,Texas,116783,99223,+17.70%,28.6sqmi,74.1km2,"3,963/sqmi","1,530/km2",32°58′20″N 96°42′29″W / 32.9723°N 96.7081°W / 32.9723; -96.7081 (Richardson)
253,College Station,Texas,113564,93857,+21.00%,51.0sqmi,132.1km2,"2,199/sqmi",849/km2,30°35′07″N 96°17′47″W / 30.5852°N 96.2964°W / 30.5852; -96.2964 (College Station)
287,Lewisville,Texas,106021,95290,+11.26%,36.7sqmi,95.1km2,"2,852/sqmi","1,101/km2",33°02′48″N 96°58′54″W / 33.0466°N 96.9818°W / 33.0466; -96.9818 (Lewisville)
291,Tyler,Texas,104991,96900,+8.35%,56.6sqmi,146.6km2,"1,852/sqmi",715/km2,32°19′02″N 95°18′21″W / 32.3173°N 95.3059°W / 32.3173; -95.3059 (Tyler)
292,League City,Texas,104903,83560,+25.54%,51.2sqmi,132.6km2,"1,992/sqmi",769/km2,29°29′24″N 95°06′33″W / 29.4901°N 95.1091°W / 29.4901; -95.1091 (League City)
295,Wichita Falls,Texas,104747,104553,+0.19%,72.2sqmi,187.0km2,"1,450/sqmi",560/km2,33°54′24″N 98°31′33″W / 33.9067°N 98.5259°W / 33.9067; -98.5259 (Wichita Falls)
308,Allen,Texas,100685,84246,+19.51%,27.1sqmi,70.2km2,"3,715/sqmi","1,434/km2",33°05′59″N 96°39′47″W / 33.0997°N 96.6631°W / 33.0997; -96.6631 (Allen)
310,San Angelo,Texas,100119,93200,+7.42%,59.9sqmi,155.1km2,"1,681/sqmi",649/km2,31°26′28″N 100°27′02″W / 31.4411°N 100.4505°W / 31.4411; -100.4505 (San Angelo)
67,Anchorage[p],Alaska,294356,291826,+0.87%,"1,706.6sqmi","4,420.1km2",175/sqmi,68/km2,61°10′27″N 149°17′03″W / 61.1743°N 149.2843°W / 61.1743; -149.2843 (Anchorage)
56,Honolulu[b],Hawaii,350395,337256,+3.90%,60.5sqmi,156.7km2,"5,815/sqmi","2,245/km2",21°19′27″N 157°50′51″W / 21.3243°N 157.8476°W / 21.3243; -157.8476 (Honolulu)
50,Wichita,Kansas,390591,382368,+2.15%,160.4sqmi,415.4km2,"2,431/sqmi",939/km2,37°41′27″N 97°20′45″W / 37.6907°N 97.3459°W / 37.6907; -97.3459 (Wichita)
127,Overland Park,Kansas,191278,173372,+10.33%,75.1sqmi,194.5km2,"2,516/sqmi",971/km2,38°53′20″N 94°41′26″W / 38.8890°N 94.6906°W / 38.8890; -94.6906 (Overland Park)
171,Kansas City[w],Kansas,152938,145786,+4.91%,124.8sqmi,323.2km2,"1,216/sqmi",470/km2,39°07′21″N 94°44′30″W / 39.1225°N 94.7418°W / 39.1225; -94.7418 (Kansas City)
191,Olathe,Kansas,137472,125872,+9.22%,60.9sqmi,157.7km2,"2,225/sqmi",859/km2,38°53′03″N 94°49′10″W / 38.8843°N 94.8195°W / 38.8843; -94.8195 (Olathe)
219,Topeka,Kansas,126587,127473,−0.70%,61.5sqmi,159.3km2,"2,062/sqmi",796/km2,39°02′05″N 95°41′46″W / 39.0347°N 95.6962°W / 39.0347; -95.6962 (Topeka)
28,Las Vegas,Nevada,641676,583756,+9.92%,134.4sqmi,348.1km2,"4,709/sqmi","1,818/km2",36°13′45″N 115°15′36″W / 36.2292°N 115.2601°W / 36.2292; -115.2601 (Las Vegas)
64,Henderson,Nevada,302539,257729,+17.39%,104.7sqmi,271.2km2,"2,798/sqmi","1,080/km2",36°00′35″N 115°02′09″W / 36.0097°N 115.0357°W / 36.0097; -115.0357 (Henderson)
86,Reno,Nevada,248853,225221,+10.49%,107.3sqmi,277.9km2,"2,286/sqmi",883/km2,39°32′57″N 119°51′00″W / 39.5491°N 119.8499°W / 39.5491; -119.8499 (Reno)
90,North Las Vegas,Nevada,242975,216961,+11.99%,98.0sqmi,253.8km2,"2,436/sqmi",941/km2,36°17′09″N 115°05′38″W / 36.2857°N 115.0939°W / 36.2857; -115.0939 (North Las Vegas)
306,Sparks,Nevada,100888,90264,+11.77%,35.9sqmi,93.0km2,"2,810/sqmi","1,080/km2",39°33′16″N 119°44′08″W / 39.5544°N 119.7356°W / 39.5544; -119.7356 (Sparks)
26,Portland,Oregon,647805,583776,+10.97%,133.5sqmi,345.8km2,"4,793/sqmi","1,851/km2",45°32′13″N 122°39′00″W / 45.5370°N 122.6500°W / 45.5370; -122.6500 (Portland)
151,Salem,Oregon,169798,154637,+9.80%,48.6sqmi,125.9km2,"3,445/sqmi","1,330/km2",44°55′25″N 123°01′24″W / 44.9237°N 123.0232°W / 44.9237; -123.0232 (Salem)
152,Eugene,Oregon,168916,156185,+8.15%,44.1sqmi,114.2km2,"3,777/sqmi","1,458/km2",44°03′24″N 123°06′58″W / 44.0567°N 123.1162°W / 44.0567; -123.1162 (Eugene)
265,Gresham,Oregon,111053,105594,+5.17%,23.3sqmi,60.3km2,"4,786/sqmi","1,848/km2",45°30′08″N 122°26′30″W / 45.5023°N 122.4416°W / 45.5023; -122.4416 (Gresham)
283,Hillsboro,Oregon,106894,91611,+16.68%,25.0sqmi,64.7km2,"4,207/sqmi","1,624/km2",45°31′41″N 122°56′09″W / 45.5280°N 122.9357°W / 45.5280; -122.9357 (Hillsboro)
107,Birmingham,Alabama,210710,212237,−0.72%,146.1sqmi,378.4km2,"1,452/sqmi",561/km2,33°31′39″N 86°47′56″W / 33.5274°N 86.7990°W / 33.5274; -86.7990 (Birmingham)
118,Montgomery,Alabama,199518,205764,−3.04%,159.8sqmi,413.9km2,"1,252/sqmi",483/km2,32°20′50″N 86°15′58″W / 32.3472°N 86.2661°W / 32.3472; -86.2661 (Montgomery)
123,Huntsville,Alabama,194585,180105,+8.04%,213.4sqmi,552.7km2,905/sqmi,349/km2,34°41′56″N 86°40′23″W / 34.6990°N 86.6730°W / 34.6990; -86.6730 (Huntsville)
129,Mobile,Alabama,190265,195111,−2.48%,139.4sqmi,361.0km2,"1,384/sqmi",534/km2,30°40′06″N 88°06′01″W / 30.6684°N 88.1002°W / 30.6684; -88.1002 (Mobile)
309,Tuscaloosa,Alabama,100287,90468,+10.85%,71.7sqmi,185.7km2,"1,399/sqmi",540/km2,33°12′23″N 87°32′05″W / 33.2065°N 87.5346°W / 33.2065; -87.5346 (Tuscaloosa)
5,Phoenix,Arizona,1626078,1445632,+12.48%,517.6sqmi,"1,340.6km2","3,120/sqmi","1,200/km2",33°34′20″N 112°05′24″W / 33.5722°N 112.0901°W / 33.5722; -112.0901 (6 Phoenix)
33,Tucson,Arizona,535677,520116,+2.99%,230.8sqmi,597.8km2,"2,299/sqmi",888/km2,32°09′11″N 110°52′14″W / 32.1531°N 110.8706°W / 32.1531; -110.8706 (Tucson)
36,Mesa,Arizona,496401,439041,+13.06%,137.9sqmi,357.2km2,"3,514/sqmi","1,357/km2",33°24′07″N 111°43′03″W / 33.4019°N 111.7174°W / 33.4019; -111.7174 (Mesa)
84,Chandler,Arizona,253458,236123,+7.34%,64.9sqmi,168.1km2,"3,813/sqmi","1,472/km2",33°16′58″N 111°51′18″W / 33.2829°N 111.8549°W / 33.2829; -111.8549 (Chandler)
85,Scottsdale,Arizona,249950,217385,+14.98%,183.9sqmi,476.3km2,"1,341/sqmi",518/km2,33°41′03″N 111°51′40″W / 33.6843°N 111.8611°W / 33.6843; -111.8611 (Scottsdale)
87,Glendale,Arizona,246709,226721,+8.82%,59.1sqmi,153.1km2,"4,161/sqmi","1,607/km2",33°31′59″N 112°11′24″W / 33.5331°N 112.1899°W / 33.5331; -112.1899 (Glendale)
91,Gilbert[q],Arizona,242354,208453,+16.26%,68.0sqmi,176.1km2,"3,487/sqmi","1,346/km2",33°18′37″N 111°44′35″W / 33.3103°N 111.7431°W / 33.3103; -111.7431 (Gilbert)
133,Tempe,Arizona,185038,161719,+14.42%,40.0sqmi,103.6km2,"4,562/sqmi","1,761/km2",33°23′18″N 111°55′54″W / 33.3884°N 111.9318°W / 33.3884; -111.9318 (Tempe)
153,Peoria,Arizona,168181,154065,+9.16%,175.7sqmi,455.1km2,934/sqmi,361/km2,33°47′10″N 112°18′29″W / 33.7862°N 112.3080°W / 33.7862; -112.3080 (Peoria)
203,Surprise,Arizona,134085,117517,+14.10%,107.9sqmi,279.5km2,"1,230/sqmi",470/km2,33°40′14″N 112°27′10″W / 33.6706°N 112.4527°W / 33.6706; -112.4527 (Surprise)
12,Jacksonville[f],Florida,892062,821784,+8.55%,747.4sqmi,"1,935.8km2","1,178/sqmi",455/km2,30°20′13″N 81°39′42″W / 30.3369°N 81.6616°W / 30.3369; -81.6616 (12 Jacksonville)
43,Miami,Florida,463347,399457,+15.99%,36.0sqmi,93.2km2,"12,599/sqmi","4,865/km2",25°46′31″N 80°12′31″W / 25.7752°N 80.2086°W / 25.7752; -80.2086 (Miami)
52,Tampa,Florida,385430,335709,+14.81%,113.4sqmi,293.7km2,"3,326/sqmi","1,284/km2",27°58′12″N 82°28′47″W / 27.9701°N 82.4797°W / 27.9701; -82.4797 (Tampa)
72,Orlando,Florida,280257,238300,+17.61%,105.2sqmi,272.5km2,"2,635/sqmi","1,017/km2",28°25′00″N 81°16′25″W / 28.4166°N 81.2736°W / 28.4166; -81.2736 (Orlando)
79,St. Petersburg,Florida,263255,244769,+7.55%,61.8sqmi,160.1km2,"4,223/sqmi","1,631/km2",27°45′43″N 82°38′39″W / 27.7620°N 82.6441°W / 27.7620; -82.6441 (St. Petersburg)
94,Hialeah,Florida,239673,224669,+6.68%,21.5sqmi,55.7km2,"10,995/sqmi","4,245/km2",25°52′12″N 80°18′10″W / 25.8699°N 80.3029°W / 25.8699; -80.3029 (Hialeah)
128,Tallahassee,Florida,191049,181376,+5.33%,100.4sqmi,260.0km2,"1,901/sqmi",734/km2,30°27′18″N 84°15′12″W / 30.4551°N 84.2534°W / 30.4551; -84.2534 (Tallahassee)
130,Port St. Lucie,Florida,189344,164603,+15.03%,118.9sqmi,307.9km2,"1,557/sqmi",601/km2,27°16′50″N 80°23′18″W / 27.2806°N 80.3883°W / 27.2806; -80.3883 (Port St. Lucie)
134,Cape Coral,Florida,183365,154305,+18.83%,105.6sqmi,273.5km2,"1,703/sqmi",658/km2,26°38′36″N 81°59′51″W / 26.6432°N 81.9974°W / 26.6432; -81.9974 (Cape Coral)
138,Fort Lauderdale,Florida,180072,165521,+8.79%,34.6sqmi,89.6km2,"5,166/sqmi","1,995/km2",26°08′28″N 80°08′48″W / 26.1412°N 80.1467°W / 26.1412; -80.1467 (Fort Lauderdale)
150,Pembroke Pines,Florida,170712,154019,+10.84%,33.0sqmi,85.5km2,"5,109/sqmi","1,973/km2",26°01′16″N 80°20′25″W / 26.0210°N 80.3404°W / 26.0210; -80.3404 (Pembroke Pines)
167,Hollywood,Florida,153627,140768,+9.13%,27.3sqmi,70.7km2,"5,568/sqmi","2,150/km2",26°01′52″N 80°09′53″W / 26.0310°N 80.1646°W / 26.0310; -80.1646 (Hollywood)
190,Miramar,Florida,140328,122041,+14.98%,29.4sqmi,76.1km2,"4,709/sqmi","1,818/km2",25°58′37″N 80°20′09″W / 25.9770°N 80.3358°W / 25.9770; -80.3358 (Miramar)
205,Coral Springs,Florida,133037,121096,+9.86%,23.8sqmi,61.6km2,"5,465/sqmi","2,110/km2",26°16′15″N 80°15′33″W / 26.2707°N 80.2593°W / 26.2707; -80.2593 (Coral Springs)
208,Gainesville,Florida,132249,124354,+6.35%,62.3sqmi,161.4km2,"2,112/sqmi",815/km2,29°40′44″N 82°20′46″W / 29.6788°N 82.3461°W / 29.6788; -82.3461 (Gainesville)
245,Clearwater,Florida,115513,107685,+7.27%,25.9sqmi,67.1km2,"4,415/sqmi","1,705/km2",27°58′44″N 82°46′00″W / 27.9789°N 82.7666°W / 27.9789; -82.7666 (Clearwater)
251,Miami Gardens,Florida,113750,107167,+6.14%,18.2sqmi,47.1km2,"6,212/sqmi","2,398/km2",25°56′56″N 80°14′37″W / 25.9489°N 80.2436°W / 25.9489; -80.2436 (Miami Gardens)
260,Palm Bay,Florida,111657,103190,+8.21%,65.7sqmi,170.2km2,"1,676/sqmi",647/km2,27°59′08″N 80°39′45″W / 27.9856°N 80.6626°W / 27.9856; -80.6626 (Palm Bay)
269,Pompano Beach,Florida,110473,99845,+10.64%,24.0sqmi,62.2km2,"4,558/sqmi","1,760/km2",26°14′30″N 80°08′02″W / 26.2416°N 80.1339°W / 26.2416; -80.1339 (Pompano Beach)
271,West Palm Beach,Florida,110222,99919,+10.31%,55.1sqmi,142.7km2,"1,963/sqmi",758/km2,26°44′47″N 80°07′30″W / 26.7464°N 80.1251°W / 26.7464; -80.1251 (West Palm Beach)
278,Lakeland,Florida,108054,97422,+10.91%,65.9sqmi,170.7km2,"1,615/sqmi",624/km2,28°03′20″N 81°57′18″W / 28.0555°N 81.9549°W / 28.0555; -81.9549 (Lakeland)
289,Davie[ac],Florida,105149,91992,+14.30%,34.9sqmi,90.4km2,"2,919/sqmi","1,127/km2",26°04′45″N 80°17′06″W / 26.0791°N 80.2850°W / 26.0791; -80.2850 (Davie)
38,Atlanta,Georgia,486290,420003,+15.78%,133.5sqmi,345.8km2,"3,539/sqmi","1,366/km2",33°45′46″N 84°25′22″W / 33.7629°N 84.4227°W / 33.7629; -84.4227 (Atlanta)
122,Augusta[t],Georgia,197166,195844,+0.68%,302.5sqmi,783.5km2,652/sqmi,252/km2,33°21′56″N 82°04′24″W / 33.3655°N 82.0734°W / 33.3655; -82.0734 (Augusta)
124,Columbus[u],Georgia,194058,189885,+2.20%,216.4sqmi,560.5km2,913/sqmi,353/km2,32°30′37″N 84°52′30″W / 32.5102°N 84.8749°W / 32.5102; -84.8749 (Columbus)
172,Macon[x],Georgia,152663,91351,+67.12%,249.3sqmi,645.7km2,612/sqmi,236/km2,32°48′32″N 83°41′39″W / 32.8088°N 83.6942°W / 32.8088; -83.6942 (Macon)
180,Savannah,Georgia,146444,136286,+7.45%,103.6sqmi,268.3km2,"1,417/sqmi",547/km2,32°00′09″N 81°09′13″W / 32.0025°N 81.1536°W / 32.0025; -81.1536 (Savannah)
220,Athens[z],Georgia,125691,115452,+8.87%,116.4sqmi,301.5km2,"1,060/sqmi",410/km2,33°56′59″N 83°22′12″W / 33.9496°N 83.3701°W / 33.9496; -83.3701 (Athens)
284,Sandy Springs,Georgia,106739,93853,+13.73%,37.7sqmi,97.6km2,"2,804/sqmi","1,083/km2",33°55′53″N 84°22′07″W / 33.9315°N 84.3687°W / 33.9315; -84.3687 (Sandy Springs)
16,Indianapolis[h],Indiana,863002,820445,+5.19%,361.5sqmi,936.3km2,"2,366/sqmi",914/km2,39°46′36″N 86°08′45″W / 39.7767°N 86.1459°W / 39.7767; -86.1459 (14 Indianapolis)
78,Fort Wayne,Indiana,265904,253691,+4.81%,110.6sqmi,286.5km2,"2,391/sqmi",923/km2,41°05′18″N 85°08′38″W / 41.0882°N 85.1439°W / 41.0882; -85.1439 (Fort Wayne)
235,Evansville,Indiana,118930,117429,+1.28%,47.3sqmi,122.5km2,"2,526/sqmi",975/km2,37°59′16″N 87°32′05″W / 37.9877°N 87.5347°W / 37.9877; -87.5347 (Evansville)
301,South Bend,Indiana,102245,101168,+1.06%,41.4sqmi,107.2km2,"2,457/sqmi",949/km2,41°40′37″N 86°16′08″W / 41.6769°N 86.2690°W / 41.6769; -86.2690 (South Bend)
275,Billings,Montana,109642,104170,+5.25%,43.7sqmi,113.2km2,"2,525/sqmi",975/km2,45°47′19″N 108°33′00″W / 45.7885°N 108.5499°W / 45.7885; -108.5499 (Billings)
120,Little Rock,Arkansas,198606,193524,+2.63%,118.7sqmi,307.4km2,"1,673/sqmi",646/km2,34°43′31″N 92°21′31″W / 34.7254°N 92.3586°W / 34.7254; -92.3586 (Little Rock)
19,Denver[i],Colorado,704621,600158,+17.41%,153.3sqmi,397.0km2,"4,521/sqmi","1,746/km2",39°45′43″N 104°52′52″W / 39.7619°N 104.8811°W / 39.7619; -104.8811 (Denver)
42,Colorado Springs,Colorado,464474,416427,+11.54%,195.6sqmi,506.6km2,"2,378/sqmi",918/km2,38°52′02″N 104°45′39″W / 38.8673°N 104.7607°W / 38.8673; -104.7607 (Colorado Springs)
54,Aurora,Colorado,366623,325078,+12.78%,153.5sqmi,397.6km2,"2,356/sqmi",910/km2,39°41′17″N 104°41′23″W / 39.6880°N 104.6897°W / 39.6880; -104.6897 (Aurora)
158,Fort Collins,Colorado,165080,143986,+14.65%,55.8sqmi,144.5km2,"2,943/sqmi","1,136/km2",40°32′54″N 105°03′53″W / 40.5482°N 105.0648°W / 40.5482; -105.0648 (Fort Collins)
164,Lakewood,Colorado,154958,142980,+8.38%,42.9sqmi,111.1km2,"3,599/sqmi","1,390/km2",39°41′56″N 105°07′03″W / 39.6989°N 105.1176°W / 39.6989; -105.1176 (Lakewood)
192,Thornton,Colorado,136978,118772,+15.33%,35.7sqmi,92.5km2,"3,829/sqmi","1,478/km2",39°55′10″N 104°56′34″W / 39.9194°N 104.9428°W / 39.9194; -104.9428 (Thornton)
236,Arvada,Colorado,118807,106433,+11.63%,38.6sqmi,100.0km2,"3,043/sqmi","1,175/km2",39°50′01″N 105°09′01″W / 39.8337°N 105.1503°W / 39.8337; -105.1503 (Arvada)
257,Westminster,Colorado,112812,106114,+6.31%,31.7sqmi,82.1km2,"3,592/sqmi","1,387/km2",39°52′56″N 105°03′52″W / 39.8822°N 105.0644°W / 39.8822; -105.0644 (Westminster)
264,Pueblo,Colorado,111127,106595,+4.25%,53.6sqmi,138.8km2,"2,058/sqmi",795/km2,38°16′12″N 104°36′44″W / 38.2699°N 104.6123°W / 38.2699; -104.6123 (Pueblo)
270,Centennial,Colorado,110250,100377,+9.84%,29.5sqmi,76.4km2,"3,727/sqmi","1,439/km2",39°35′26″N 104°52′09″W / 39.5906°N 104.8691°W / 39.5906; -104.8691 (Centennial)
280,Boulder,Colorado,107125,97385,+10.00%,24.8sqmi,64.2km2,"4,358/sqmi","1,683/km2",40°01′37″N 105°15′07″W / 40.0270°N 105.2519°W / 40.0270; -105.2519 (Boulder)
288,Greeley,Colorado,105448,92889,+13.52%,47.8sqmi,123.8km2,"2,176/sqmi",840/km2,40°24′55″N 104°46′11″W / 40.4153°N 104.7697°W / 40.4153; -104.7697 (Greeley)
3,Chicago,Illinois,2716450,2695598,+0.77%,227.3sqmi,588.7km2,"11,900/sqmi","4,600/km2",41°50′15″N 87°40′54″W / 41.8376°N 87.6818°W / 41.8376; -87.6818 (3 Chicago)
115,Aurora,Illinois,200965,197899,+1.55%,44.9sqmi,116.3km2,"4,479/sqmi","1,729/km2",41°45′49″N 88°17′24″W / 41.7635°N 88.2901°W / 41.7635; -88.2901 (Aurora)
175,Joliet,Illinois,148462,147433,+0.70%,64.4sqmi,166.8km2,"2,302/sqmi",889/km2,41°31′04″N 88°08′56″W / 41.5177°N 88.1488°W / 41.5177; -88.1488 (Joliet)
176,Naperville,Illinois,147682,141853,+4.11%,38.7sqmi,100.2km2,"3,802/sqmi","1,468/km2",41°44′57″N 88°09′43″W / 41.7492°N 88.1620°W / 41.7492; -88.1620 (Naperville)
177,Rockford,Illinois,147051,152871,−3.81%,63.5sqmi,164.5km2,"2,325/sqmi",898/km2,42°15′32″N 89°03′53″W / 42.2588°N 89.0646°W / 42.2588; -89.0646 (Rockford)
247,Springfield,Illinois,114868,116250,−1.19%,60.1sqmi,155.7km2,"1,925/sqmi",743/km2,39°47′28″N 89°38′41″W / 39.7911°N 89.6446°W / 39.7911; -89.6446 (Springfield)
256,Peoria,Illinois,112883,115007,−1.85%,48.2sqmi,124.8km2,"2,371/sqmi",915/km2,40°45′05″N 89°37′03″W / 40.7515°N 89.6174°W / 40.7515; -89.6174 (Peoria)
258,Elgin,Illinois,112456,108188,+3.94%,37.4sqmi,96.9km2,"2,998/sqmi","1,158/km2",42°02′23″N 88°19′18″W / 42.0396°N 88.3217°W / 42.0396; -88.3217 (Elgin)
29,Louisville[l],Kentucky,621349,597337,+4.02%,263.5sqmi,682.5km2,"2,339/sqmi",903/km2,38°09′55″N 85°38′51″W / 38.1654°N 85.6474°W / 38.1654; -85.6474 (Louisville)
60,Lexington[o],Kentucky,321959,295803,+8.84%,283.6sqmi,734.5km2,"1,123/sqmi",434/km2,38°02′27″N 84°27′30″W / 38.0407°N 84.4583°W / 38.0407; -84.4583 (Lexington)
30,Baltimore[m],Maryland,611648,620961,−1.50%,80.9sqmi,209.5km2,"7,598/sqmi","2,934/km2",39°18′00″N 76°36′38″W / 39.3000°N 76.6105°W / 39.3000; -76.6105 (Baltimore)
23,Detroit,Michigan,673104,713777,−5.70%,138.8sqmi,359.5km2,"4,847/sqmi","1,871/km2",42°22′59″N 83°06′08″W / 42.3830°N 83.1022°W / 42.3830; -83.1022 (18 Detroit)
119,Grand Rapids,Michigan,198829,188040,+5.74%,44.4sqmi,115.0km2,"4,424/sqmi","1,708/km2",42°57′40″N 85°39′20″W / 42.9612°N 85.6556°W / 42.9612; -85.6556 (Grand Rapids)
200,Warren,Michigan,135022,134056,+0.72%,34.4sqmi,89.1km2,"3,928/sqmi","1,517/km2",42°29′34″N 83°01′30″W / 42.4929°N 83.0250°W / 42.4929; -83.0250 (Warren)
207,Sterling Heights,Michigan,132631,129699,+2.26%,36.5sqmi,94.5km2,"3,628/sqmi","1,401/km2",42°34′52″N 83°01′49″W / 42.5812°N 83.0303°W / 42.5812; -83.0303 (Sterling Heights)
230,Ann Arbor,Michigan,121477,113934,+6.62%,28.1sqmi,72.8km2,"4,298/sqmi","1,659/km2",42°16′34″N 83°43′51″W / 42.2761°N 83.7309°W / 42.2761; -83.7309 (Ann Arbor)
239,Lansing,Michigan,116986,114297,+2.35%,39.1sqmi,101.3km2,"2,967/sqmi","1,146/km2",42°42′51″N 84°33′33″W / 42.7143°N 84.5593°W / 42.7143; -84.5593 (Lansing)
307,Clinton[ae],Michigan,100712,96796,+4.05%,28.1sqmi,72.8km2,"3,573/sqmi","1,380/km2",42°35′25″N 82°55′01″W / 42.5903°N 82.9170°W / 42.5903; -82.9170 (Clinton)
37,Kansas City,Missouri,488943,459787,+6.34%,315.0sqmi,815.8km2,"1,528/sqmi",590/km2,"39°07′30″N 94°33′04″W / 39.1251°N 94.5510°W / 39.1251; -94.5510 (Kansas City, MO)"
62,St. Louis[m],Missouri,308626,319294,−3.34%,62.0sqmi,160.6km2,"5,023/sqmi","1,939/km2",38°38′09″N 90°14′41″W / 38.6357°N 90.2446°W / 38.6357; -90.2446 (St. Louis)
155,Springfield,Missouri,167376,159498,+4.94%,82.3sqmi,213.2km2,"2,033/sqmi",785/km2,37°11′39″N 93°17′29″W / 37.1942°N 93.2913°W / 37.1942; -93.2913 (Springfield)
229,Columbia,Missouri,121717,108500,+12.18%,65.0sqmi,168.3km2,"1,856/sqmi",717/km2,38°57′06″N 92°19′43″W / 38.951561°N 92.328638°W / 38.951561; -92.328638 (Columbia)
238,Independence,Missouri,117306,116830,+0.41%,77.8sqmi,201.5km2,"1,504/sqmi",581/km2,39°05′08″N 94°21′08″W / 39.0855°N 94.3521°W / 39.0855; -94.3521 (Independence)
40,Omaha,Nebraska,466893,408958,+14.17%,133.2sqmi,345.0km2,"3,356/sqmi","1,296/km2",41°15′52″N 96°02′42″W / 41.2644°N 96.0451°W / 41.2644; -96.0451 (Omaha)
71,Lincoln,Nebraska,284736,258379,+10.20%,92.1sqmi,238.5km2,"3,044/sqmi","1,175/km2",40°48′38″N 96°40′49″W / 40.8105°N 96.6803°W / 40.8105; -96.6803 (Lincoln)
1,New York City[d],New York,8622698,8175133,+5.47%,301.5sqmi,780.9km2,"28,317/sqmi","10,933/km2",40°39′49″N 73°56′19″W / 40.6635°N 73.9387°W / 40.6635; -73.9387 (1 New York City)
81,Buffalo,New York,258612,261310,−1.03%,40.4sqmi,104.6km2,"6,359/sqmi","2,455/km2",42°53′33″N 78°51′35″W / 42.8925°N 78.8597°W / 42.8925; -78.8597 (Buffalo)
110,Rochester,New York,208046,210565,−1.20%,35.8sqmi,92.7km2,"5,835/sqmi","2,253/km2",43°10′12″N 77°37′01″W / 43.1699°N 77.6169°W / 43.1699; -77.6169 (Rochester)
113,Yonkers,New York,202019,195976,+3.08%,18.0sqmi,46.6km2,"11,156/sqmi","4,307/km2",40°56′45″N 73°52′03″W / 40.9459°N 73.8674°W / 40.9459; -73.8674 (Yonkers)
184,Syracuse,New York,143396,145170,−1.22%,25.0sqmi,64.7km2,"5,735/sqmi","2,214/km2",43°02′28″N 76°08′37″W / 43.0410°N 76.1436°W / 43.0410; -76.1436 (Syracuse)
27,Oklahoma City,Oklahoma,643648,579999,+10.97%,606.3sqmi,"1,570.3km2","1,053/sqmi",407/km2,35°28′02″N 97°30′49″W / 35.4671°N 97.5137°W / 35.4671; -97.5137 (Oklahoma City)
47,Tulsa,Oklahoma,401800,391906,+2.52%,196.8sqmi,509.7km2,"2,048/sqmi",791/km2,36°07′40″N 95°54′08″W / 36.1279°N 95.9023°W / 36.1279; -95.9023 (Tulsa)
223,Norman,Oklahoma,122843,110925,+10.74%,178.8sqmi,463.1km2,683/sqmi,264/km2,35°14′26″N 97°20′43″W / 35.2406°N 97.3453°W / 35.2406; -97.3453 (Norman)
277,Broken Arrow,Oklahoma,108303,98850,+9.56%,61.7sqmi,159.8km2,"1,741/sqmi",672/km2,36°02′11″N 95°46′52″W / 36.0365°N 95.7810°W / 36.0365; -95.7810 (Broken Arrow)
44,Virginia Beach[m],Virginia,450435,437994,+2.84%,244.7sqmi,633.8km2,"1,850/sqmi",710/km2,36°46′48″N 76°01′31″W / 36.7800°N 76.0252°W / 36.7800; -76.0252 (Virginia Beach)
88,Norfolk[m],Virginia,244703,242803,+0.78%,53.3sqmi,138.0km2,"4,599/sqmi","1,776/km2",36°55′23″N 76°14′41″W / 36.9230°N 76.2446°W / 36.9230; -76.2446 (Norfolk)
92,Chesapeake[m],Virginia,240397,222209,+8.19%,338.5sqmi,876.7km2,703/sqmi,271/km2,36°40′46″N 76°18′06″W / 36.6794°N 76.3018°W / 36.6794; -76.3018 (Chesapeake)
97,Richmond[m],Virginia,227032,204214,+11.17%,59.8sqmi,154.9km2,"3,732/sqmi","1,441/km2",37°31′53″N 77°28′34″W / 37.5314°N 77.4760°W / 37.5314; -77.4760 (Richmond)
139,Newport News[m],Virginia,179388,180719,−0.74%,69.1sqmi,179.0km2,"2,631/sqmi","1,016/km2",37°04′34″N 76°31′19″W / 37.0762°N 76.5220°W / 37.0762; -76.5220 (Newport News)
161,Alexandria[m],Virginia,160035,139966,+14.34%,15.0sqmi,38.8km2,"10,387/sqmi","4,010/km2",38°49′12″N 77°05′03″W / 38.8201°N 77.0841°W / 38.8201; -77.0841 (Alexandria)
202,Hampton[m],Virginia,134669,137436,−2.01%,51.5sqmi,133.4km2,"2,629/sqmi","1,015/km2",37°02′53″N 76°17′50″W / 37.0480°N 76.2971°W / 37.0480; -76.2971 (Hampton)
49,New Orleans[n],Louisiana,393292,343829,+14.39%,169.4sqmi,438.7km2,"2,311/sqmi",892/km2,30°03′12″N 89°56′04″W / 30.0534°N 89.9345°W / 30.0534; -89.9345 (New Orleans)
99,Baton Rouge[s],Louisiana,225374,229493,−1.79%,85.9sqmi,222.5km2,"2,651/sqmi","1,024/km2",30°26′32″N 91°07′51″W / 30.4422°N 91.1309°W / 30.4422; -91.1309 (Baton Rouge)
126,Shreveport,Louisiana,192036,199311,−3.65%,107.1sqmi,277.4km2,"1,820/sqmi",700/km2,32°28′01″N 93°47′32″W / 32.4669°N 93.7922°W / 32.4669; -93.7922 (Shreveport)
218,Lafayette[y],Louisiana,126848,120623,+5.16%,53.8sqmi,139.3km2,"2,372/sqmi",916/km2,30°12′27″N 92°01′43″W / 30.2074°N 92.0285°W / 30.2074; -92.0285 (Lafayette)
46,Minneapolis,Minnesota,422331,382578,+10.39%,54.0sqmi,139.9km2,"7,660/sqmi","2,960/km2",44°57′48″N 93°16′06″W / 44.9633°N 93.2683°W / 44.9633; -93.2683 (Minneapolis)
63,Saint Paul,Minnesota,306621,285068,+7.56%,52.0sqmi,134.7km2,"5,815/sqmi","2,245/km2",44°56′56″N 93°06′15″W / 44.9489°N 93.1041°W / 44.9489; -93.1041 (Saint Paul)
244,Rochester,Minnesota,115733,106769,+8.40%,54.6sqmi,141.4km2,"2,088/sqmi",806/km2,44°00′55″N 92°28′38″W / 44.0154°N 92.4772°W / 44.0154; -92.4772 (Rochester)
24,Nashville[k],Tennessee,667560,601222,+11.03%,475.9sqmi,"1,232.6km2","1,388/sqmi",536/km2,36°10′18″N 86°47′06″W / 36.1718°N 86.7850°W / 36.1718; -86.7850 (Nashville)
25,Memphis,Tennessee,652236,646889,+0.83%,317.4sqmi,822.1km2,"2,056/sqmi",794/km2,35°06′10″N 89°58′39″W / 35.1028°N 89.9774°W / 35.1028; -89.9774 (Memphis)
131,Knoxville,Tennessee,187347,178874,+4.74%,98.5sqmi,255.1km2,"1,891/sqmi",730/km2,35°58′15″N 83°56′57″W / 35.9707°N 83.9493°W / 35.9707; -83.9493 (Knoxville)
140,Chattanooga,Tennessee,179139,167674,+6.84%,143.1sqmi,370.6km2,"1,241/sqmi",479/km2,35°03′58″N 85°14′54″W / 35.0660°N 85.2484°W / 35.0660; -85.2484 (Chattanooga)
169,Clarksville,Tennessee,153205,132929,+15.25%,98.3sqmi,254.6km2,"1,529/sqmi",590/km2,36°33′59″N 87°20′43″W / 36.5664°N 87.3452°W / 36.5664; -87.3452 (Clarksville)
194,Murfreesboro,Tennessee,136372,108755,+25.39%,55.9sqmi,144.8km2,"2,360/sqmi",910/km2,35°51′08″N 86°24′58″W / 35.8522°N 86.4160°W / 35.8522; -86.4160 (Murfreesboro)
31,Milwaukee,Wisconsin,595351,594833,+0.09%,96.2sqmi,249.2km2,"6,186/sqmi","2,388/km2",43°03′48″N 87°58′00″W / 43.0633°N 87.9667°W / 43.0633; -87.9667 (Milwaukee)
82,Madison,Wisconsin,255214,233209,+9.44%,77.0sqmi,199.4km2,"3,280/sqmi","1,270/km2",43°05′16″N 89°25′48″W / 43.0878°N 89.4299°W / 43.0878; -89.4299 (Madison)
290,Green Bay,Wisconsin,105116,104057,+1.02%,45.4sqmi,117.6km2,"2,316/sqmi",894/km2,44°31′15″N 87°59′03″W / 44.5207°N 87.9842°W / 44.5207; -87.9842 (Green Bay)
2,Los Angeles,California,3999759,3792621,+5.46%,468.7sqmi,"1,213.9km2","8,484/sqmi","3,276/km2",34°01′10″N 118°24′39″W / 34.0194°N 118.4108°W / 34.0194; -118.4108 (2 Los Angeles)
8,San Diego,California,1419516,1307402,+8.58%,325.2sqmi,842.3km2,"4,325/sqmi","1,670/km2",32°48′55″N 117°08′06″W / 32.8153°N 117.1350°W / 32.8153; -117.1350 (8 San Diego)
10,San Jose,California,1035317,945942,+9.45%,177.5sqmi,459.7km2,"5,777/sqmi","2,231/km2",37°17′48″N 121°49′08″W / 37.2967°N 121.8189°W / 37.2967; -121.8189 (10 San Jose)
13,San Francisco[g],California,884363,805235,+9.83%,46.9sqmi,121.5km2,"18,569/sqmi","7,170/km2",37°43′38″N 123°01′56″W / 37.7272°N 123.0322°W / 37.7272; -123.0322 (13 San Francisco)
34,Fresno,California,527438,494665,+6.63%,114.4sqmi,296.3km2,"4,563/sqmi","1,762/km2",36°47′01″N 119°47′36″W / 36.7836°N 119.7934°W / 36.7836; -119.7934 (Fresno)
35,Sacramento,California,501901,466488,+7.59%,97.9sqmi,253.6km2,"5,059/sqmi","1,953/km2",38°34′00″N 121°28′07″W / 38.5666°N 121.4686°W / 38.5666; -121.4686 (Sacramento)
39,Long Beach,California,469450,462257,+1.56%,50.3sqmi,130.3km2,"9,347/sqmi","3,609/km2",33°48′33″N 118°09′19″W / 33.8092°N 118.1553°W / 33.8092; -118.1553 (Long Beach)
45,Oakland,California,425195,390724,+8.82%,55.9sqmi,144.8km2,"7,514/sqmi","2,901/km2",37°46′11″N 122°13′33″W / 37.7698°N 122.2257°W / 37.7698; -122.2257 (Oakland)
53,Bakersfield,California,380874,347483,+9.61%,148.8sqmi,385.4km2,"2,529/sqmi",976/km2,35°19′16″N 119°01′06″W / 35.3212°N 119.0183°W / 35.3212; -119.0183 (Bakersfield)
55,Anaheim,California,352497,336265,+4.83%,50.0sqmi,129.5km2,"7,021/sqmi","2,711/km2",33°51′20″N 117°45′36″W / 33.8555°N 117.7601°W / 33.8555; -117.7601 (Anaheim)
57,Santa Ana,California,334136,324528,+2.96%,27.1sqmi,70.2km2,"12,333/sqmi","4,762/km2",33°44′11″N 117°52′59″W / 33.7363°N 117.8830°W / 33.7363; -117.8830 (Santa Ana)
58,Riverside,California,327728,303871,+7.85%,81.2sqmi,210.3km2,"3,999/sqmi","1,544/km2",33°56′17″N 117°23′36″W / 33.9381°N 117.3932°W / 33.9381; -117.3932 (Riverside)
61,Stockton,California,310496,291707,+6.44%,61.7sqmi,159.8km2,"4,977/sqmi","1,922/km2",37°58′35″N 121°18′48″W / 37.9763°N 121.3133°W / 37.9763; -121.3133 (Stockton)
73,Irvine,California,277453,212375,+30.64%,65.6sqmi,169.9km2,"4,057/sqmi","1,566/km2",33°40′42″N 117°46′17″W / 33.6784°N 117.7713°W / 33.6784; -117.7713 (Irvine)
76,Chula Vista,California,270471,243916,+10.89%,49.6sqmi,128.5km2,"5,387/sqmi","2,080/km2",32°37′40″N 117°00′55″W / 32.6277°N 117.0152°W / 32.6277; -117.0152 (Chula Vista)
96,Fremont,California,234962,214089,+9.75%,77.5sqmi,200.7km2,"3,008/sqmi","1,161/km2",37°29′40″N 121°56′28″W / 37.4945°N 121.9412°W / 37.4945; -121.9412 (Fremont)
102,San Bernardino,California,216995,209924,+3.37%,61.5sqmi,159.3km2,"3,516/sqmi","1,358/km2",34°08′30″N 117°17′37″W / 34.1416°N 117.2936°W / 34.1416; -117.2936 (San Bernardino)
103,Modesto,California,214221,201165,+6.49%,43.0sqmi,111.4km2,"4,934/sqmi","1,905/km2",37°38′15″N 121°00′11″W / 37.6375°N 121.0030°W / 37.6375; -121.0030 (Modesto)
105,Fontana,California,211815,196069,+8.03%,43.0sqmi,111.4km2,"4,876/sqmi","1,883/km2",34°06′32″N 117°27′46″W / 34.1090°N 117.4629°W / 34.1090; -117.4629 (Fontana)
106,Santa Clarita,California,210888,176320,+19.61%,52.8sqmi,136.8km2,"3,446/sqmi","1,331/km2",34°24′11″N 118°30′15″W / 34.4030°N 118.5042°W / 34.4030; -118.5042 (Santa Clarita)
108,Oxnard,California,210037,197899,+6.13%,26.9sqmi,69.7km2,"7,729/sqmi","2,984/km2",34°12′08″N 119°12′17″W / 34.2023°N 119.2046°W / 34.2023; -119.2046 (Oxnard)
111,Moreno Valley,California,207226,193365,+7.17%,51.3sqmi,132.9km2,"4,006/sqmi","1,547/km2",33°55′24″N 117°12′21″W / 33.9233°N 117.2057°W / 33.9233; -117.2057 (Moreno Valley)
112,Glendale,California,203054,191719,+5.91%,30.4sqmi,78.7km2,"6,606/sqmi","2,551/km2",34°10′53″N 118°14′45″W / 34.1814°N 118.2458°W / 34.1814; -118.2458 (Glendale)
114,Huntington Beach,California,201874,189992,+6.25%,26.9sqmi,69.7km2,"7,459/sqmi","2,880/km2",33°41′26″N 118°00′33″W / 33.6906°N 118.0093°W / 33.6906; -118.0093 (Huntington Beach)
141,Rancho Cucamonga,California,177452,165269,+7.37%,40.0sqmi,103.6km2,"4,413/sqmi","1,704/km2",34°07′24″N 117°33′51″W / 34.1233°N 117.5642°W / 34.1233; -117.5642 (Rancho Cucamonga)
144,Oceanside,California,176193,167086,+5.45%,41.3sqmi,107.0km2,"4,249/sqmi","1,641/km2",33°13′28″N 117°18′22″W / 33.2245°N 117.3062°W / 33.2245; -117.3062 (Oceanside)
145,Ontario,California,175841,163924,+7.27%,49.9sqmi,129.2km2,"3,471/sqmi","1,340/km2",34°02′22″N 117°36′15″W / 34.0394°N 117.6042°W / 34.0394; -117.6042 (Ontario)
147,Santa Rosa,California,175269,167815,+4.44%,41.3sqmi,107.0km2,"4,241/sqmi","1,637/km2",38°26′48″N 122°42′22″W / 38.4468°N 122.7061°W / 38.4468; -122.7061 (Santa Rosa)
148,Garden Grove,California,174226,170883,+1.96%,18.0sqmi,46.6km2,"9,714/sqmi","3,751/km2",33°46′44″N 117°57′38″W / 33.7788°N 117.9605°W / 33.7788; -117.9605 (Garden Grove)
149,Elk Grove,California,171844,153015,+12.31%,42.2sqmi,109.3km2,"4,022/sqmi","1,553/km2",38°24′53″N 121°23′06″W / 38.4146°N 121.3850°W / 38.4146; -121.3850 (Elk Grove)
154,Corona,California,167836,152374,+10.15%,39.5sqmi,102.3km2,"4,222/sqmi","1,630/km2",33°51′43″N 117°33′56″W / 33.8620°N 117.5655°W / 33.8620; -117.5655 (Corona)
159,Hayward,California,160500,144186,+11.31%,45.5sqmi,117.8km2,"3,493/sqmi","1,349/km2",37°37′43″N 122°06′09″W / 37.6287°N 122.1024°W / 37.6287; -122.1024 (Hayward)
160,Lancaster,California,160316,156633,+2.35%,94.3sqmi,244.2km2,"1,698/sqmi",656/km2,34°41′37″N 118°10′31″W / 34.6936°N 118.1753°W / 34.6936; -118.1753 (Lancaster)
162,Salinas,California,157596,150441,+4.76%,23.6sqmi,61.1km2,"6,662/sqmi","2,572/km2",36°41′25″N 121°38′01″W / 36.6902°N 121.6337°W / 36.6902; -121.6337 (Salinas)
163,Palmdale,California,157519,152750,+3.12%,106.0sqmi,274.5km2,"1,484/sqmi",573/km2,34°35′28″N 118°06′19″W / 34.5910°N 118.1054°W / 34.5910; -118.1054 (Palmdale)
166,Sunnyvale,California,153656,140081,+9.69%,22.0sqmi,57.0km2,"6,944/sqmi","2,681/km2",37°23′09″N 122°01′35″W / 37.3858°N 122.0263°W / 37.3858; -122.0263 (Sunnyvale)
170,Pomona,California,152939,149058,+2.60%,23.0sqmi,59.6km2,"6,630/sqmi","2,560/km2",34°03′31″N 117°45′40″W / 34.0585°N 117.7611°W / 34.0585; -117.7611 (Pomona)
173,Escondido,California,151969,143911,+5.60%,37.1sqmi,96.1km2,"4,087/sqmi","1,578/km2",33°07′59″N 117°04′26″W / 33.1331°N 117.0740°W / 33.1331; -117.0740 (Escondido)
178,Torrance,California,146758,145438,+0.91%,20.5sqmi,53.1km2,"7,180/sqmi","2,770/km2",33°50′06″N 118°20′29″W / 33.8350°N 118.3414°W / 33.8350; -118.3414 (Torrance)
186,Pasadena,California,142647,137122,+4.03%,23.0sqmi,59.6km2,"6,176/sqmi","2,385/km2",34°09′38″N 118°08′23″W / 34.1606°N 118.1396°W / 34.1606; -118.1396 (Pasadena)
187,Orange,California,140560,136416,+3.04%,25.4sqmi,65.8km2,"5,532/sqmi","2,136/km2",33°47′13″N 117°51′41″W / 33.7870°N 117.8613°W / 33.7870; -117.8613 (Orange)
188,Fullerton,California,140392,135161,+3.87%,22.4sqmi,58.0km2,"6,282/sqmi","2,425/km2",33°53′09″N 117°55′41″W / 33.8857°N 117.9280°W / 33.8857; -117.9280 (Fullerton)
199,Roseville,California,135329,118788,+13.92%,43.0sqmi,111.4km2,"3,085/sqmi","1,191/km2",38°46′08″N 121°19′08″W / 38.7690°N 121.3189°W / 38.7690; -121.3189 (Roseville)
206,Visalia,California,133010,124442,+6.89%,37.5sqmi,97.1km2,"3,495/sqmi","1,349/km2",36°19′38″N 119°19′44″W / 36.3273°N 119.3289°W / 36.3273; -119.3289 (Visalia)
213,Concord,California,129783,122067,+6.32%,30.5sqmi,79.0km2,"4,221/sqmi","1,630/km2",37°58′20″N 122°00′06″W / 37.9722°N 122.0016°W / 37.9722; -122.0016 (Concord)
214,Thousand Oaks,California,128995,126683,+1.83%,55.2sqmi,143.0km2,"2,335/sqmi",902/km2,34°11′36″N 118°52′27″W / 34.1933°N 118.8742°W / 34.1933; -118.8742 (Thousand Oaks)
216,Santa Clara,California,127134,116468,+9.16%,18.4sqmi,47.7km2,"6,845/sqmi","2,643/km2",37°21′53″N 121°58′04″W / 37.3646°N 121.9679°W / 37.3646; -121.9679 (Santa Clara)
217,Simi Valley,California,126878,124237,+2.13%,41.5sqmi,107.5km2,"3,044/sqmi","1,175/km2",34°16′01″N 118°44′55″W / 34.2669°N 118.7485°W / 34.2669; -118.7485 (Simi Valley)
224,Victorville,California,122441,115903,+5.64%,73.3sqmi,189.8km2,"1,668/sqmi",644/km2,34°31′40″N 117°21′13″W / 34.5277°N 117.3536°W / 34.5277; -117.3536 (Victorville)
226,Berkeley,California,122324,112580,+8.66%,10.5sqmi,27.2km2,"11,547/sqmi","4,458/km2",37°52′01″N 122°17′57″W / 37.8670°N 122.2991°W / 37.8670; -122.2991 (Berkeley)
227,Vallejo,California,122105,115942,+5.32%,30.7sqmi,79.5km2,"3,951/sqmi","1,525/km2",38°06′28″N 122°15′50″W / 38.1079°N 122.2640°W / 38.1079; -122.2640 (Vallejo)
242,Fairfield,California,116266,105321,+10.39%,40.9sqmi,105.9km2,"2,806/sqmi","1,083/km2",38°15′33″N 122°01′56″W / 38.2593°N 122.0321°W / 38.2593; -122.0321 (Fairfield)
243,El Monte,California,116109,113475,+2.32%,9.6sqmi,24.9km2,"12,063/sqmi","4,658/km2",34°04′29″N 118°01′45″W / 34.0746°N 118.0291°W / 34.0746; -118.0291 (El Monte)
246,Carlsbad,California,115330,105328,+9.50%,37.7sqmi,97.6km2,"3,023/sqmi","1,167/km2",33°07′26″N 117°16′58″W / 33.1239°N 117.2828°W / 33.1239; -117.2828 (Carlsbad)
248,Temecula,California,114327,100097,+14.22%,37.3sqmi,96.6km2,"3,031/sqmi","1,170/km2",33°29′35″N 117°07′54″W / 33.4931°N 117.1317°W / 33.4931; -117.1317 (Temecula)
250,Costa Mesa,California,113825,109960,+3.51%,15.7sqmi,40.7km2,"7,186/sqmi","2,775/km2",33°39′57″N 117°54′44″W / 33.6659°N 117.9123°W / 33.6659; -117.9123 (Costa Mesa)
254,Murrieta,California,113326,103466,+9.53%,33.6sqmi,87.0km2,"3,324/sqmi","1,283/km2",33°34′20″N 117°11′25″W / 33.5721°N 117.1904°W / 33.5721; -117.1904 (Murrieta)
255,Downey,California,113092,111772,+1.18%,12.4sqmi,32.1km2,"9,134/sqmi","3,527/km2",33°56′18″N 118°07′51″W / 33.9382°N 118.1309°W / 33.9382; -118.1309 (Downey)
259,Antioch,California,111674,102372,+9.09%,29.4sqmi,76.1km2,"3,772/sqmi","1,456/km2",37°58′45″N 121°47′46″W / 37.9791°N 121.7962°W / 37.9791; -121.7962 (Antioch)
267,Ventura[aa],California,110790,106433,+4.09%,21.8sqmi,56.5km2,"5,027/sqmi","1,941/km2",34°16′04″N 119°15′15″W / 34.2678°N 119.2542°W / 34.2678; -119.2542 (Ventura)
268,Inglewood,California,110598,109673,+0.84%,9.1sqmi,23.6km2,"12,160/sqmi","4,700/km2",33°57′22″N 118°20′39″W / 33.9561°N 118.3443°W / 33.9561; -118.3443 (Inglewood)
273,Richmond,California,110040,103701,+6.11%,30.1sqmi,78.0km2,"3,648/sqmi","1,409/km2",37°57′08″N 122°21′38″W / 37.9523°N 122.3606°W / 37.9523; -122.3606 (Richmond)
274,Clovis,California,109691,95631,+14.70%,24.2sqmi,62.7km2,"4,404/sqmi","1,700/km2",36°49′42″N 119°41′06″W / 36.8282°N 119.6849°W / 36.8282; -119.6849 (Clovis)
279,West Covina,California,107598,106098,+1.41%,16.0sqmi,41.4km2,"6,740/sqmi","2,600/km2",34°03′21″N 117°54′36″W / 34.0559°N 117.9099°W / 34.0559; -117.9099 (West Covina)
281,Daly City,California,107074,101123,+5.88%,7.6sqmi,19.7km2,"14,009/sqmi","5,409/km2",37°42′03″N 122°27′54″W / 37.7009°N 122.4650°W / 37.7009; -122.4650 (Daly City)
282,Santa Maria,California,107014,99553,+7.49%,22.8sqmi,59.1km2,"4,662/sqmi","1,800/km2",34°56′00″N 120°26′38″W / 34.9332°N 120.4438°W / 34.9332; -120.4438 (Santa Maria)
285,Norwalk,California,106084,105549,+0.51%,9.7sqmi,25.1km2,"10,946/sqmi","4,226/km2",33°54′27″N 118°05′01″W / 33.9076°N 118.0835°W / 33.9076; -118.0835 (Norwalk)
286,Jurupa Valley,California,106028,0,NA[ab],42.9sqmi,111.1km2,"2,414/sqmi",932/km2,34°00′09″N 117°28′03″W / 34.0026°N 117.4676°W / 34.0026; -117.4676 (Jurupa Valley)
293,Burbank,California,104834,103340,+1.45%,17.4sqmi,45.1km2,"6,003/sqmi","2,318/km2",34°11′24″N 118°19′35″W / 34.1901°N 118.3264°W / 34.1901; -118.3264 (Burbank)
294,San Mateo,California,104748,97207,+7.76%,12.1sqmi,31.3km2,"8,592/sqmi","3,317/km2",37°33′37″N 122°18′38″W / 37.5603°N 122.3106°W / 37.5603; -122.3106 (San Mateo)
296,El Cajon,California,103894,99478,+4.44%,14.5sqmi,37.6km2,"7,156/sqmi","2,763/km2",32°48′06″N 116°57′37″W / 32.8017°N 116.9604°W / 32.8017; -116.9604 (El Cajon)
297,Rialto,California,103562,99171,+4.43%,22.3sqmi,57.8km2,"4,633/sqmi","1,789/km2",34°06′42″N 117°23′18″W / 34.1118°N 117.3883°W / 34.1118; -117.3883 (Rialto)
304,Vista,California,101568,93834,+8.24%,18.7sqmi,48.4km2,"5,436/sqmi","2,099/km2",33°11′22″N 117°14′19″W / 33.1895°N 117.2386°W / 33.1895; -117.2386 (Vista)
311,Vacaville,California,100032,92428,+8.23%,29.0sqmi,75.1km2,"3,449/sqmi","1,332/km2",38°21′14″N 121°58′22″W / 38.3539°N 121.9728°W / 38.3539; -121.9728 (Vacaville)
70,Newark,New Jersey,285154,277140,+2.89%,24.1sqmi,62.4km2,"11,691/sqmi","4,514/km2",40°43′27″N 74°10′21″W / 40.7242°N 74.1726°W / 40.7242; -74.1726 (Newark)
75,Jersey City,New Jersey,270753,247597,+9.35%,14.8sqmi,38.3km2,"17,848/sqmi","6,891/km2",40°42′41″N 74°03′53″W / 40.7114°N 74.0648°W / 40.7114; -74.0648 (Jersey City)
174,Paterson,New Jersey,148678,146199,+1.70%,8.4sqmi,21.8km2,"17,500/sqmi","6,800/km2",40°54′53″N 74°09′46″W / 40.9148°N 74.1628°W / 40.9148; -74.1628 (Paterson)
212,Elizabeth,New Jersey,130215,124969,+4.20%,12.3sqmi,31.9km2,"10,459/sqmi","4,038/km2",40°39′59″N 74°11′37″W / 40.6664°N 74.1935°W / 40.6664; -74.1935 (Elizabeth)
298,Lakewood[ad],New Jersey,102682,92843,+10.60%,24.7sqmi,64.0km2,"4,079/sqmi","1,575/km2",40°04′38″N 74°12′01″W / 40.0771°N 74.2004°W / 40.0771; -74.2004 (Lakewood)
299,Edison[ad],New Jersey,102450,99967,+2.48%,30.1sqmi,78.0km2,"3,389/sqmi","1,309/km2",40°30′14″N 74°20′58″W / 40.5040°N 74.3494°W / 40.5040; -74.3494 (Edison)
302,Woodbridge[ad],New Jersey,101965,99585,+2.39%,23.3sqmi,60.3km2,"4,351/sqmi","1,680/km2",40°33′39″N 74°17′34″W / 40.5607°N 74.2927°W / 40.5607; -74.2927 (Woodbridge)
32,Albuquerque,New Mexico,558545,545852,+2.33%,188.2sqmi,487.4km2,"2,972/sqmi","1,147/km2",35°06′20″N 106°38′51″W / 35.1056°N 106.6474°W / 35.1056; -106.6474 (Albuquerque)
303,Las Cruces,New Mexico,101712,97618,+4.19%,76.9sqmi,199.2km2,"1,323/sqmi",511/km2,32°19′35″N 106°47′23″W / 32.3264°N 106.7897°W / 32.3264; -106.7897 (Las Cruces)
18,Seattle,Washington,724745,608660,+19.07%,83.8sqmi,217.0km2,"8,405/sqmi","3,245/km2",47°37′14″N 122°21′03″W / 47.6205°N 122.3509°W / 47.6205; -122.3509 (20 Seattle)
101,Spokane,Washington,217108,208916,+3.92%,68.7sqmi,177.9km2,"3,144/sqmi","1,214/km2",47°40′01″N 117°26′00″W / 47.6669°N 117.4333°W / 47.6669; -117.4333 (Spokane)
104,Tacoma,Washington,213418,198397,+7.57%,49.7sqmi,128.7km2,"4,251/sqmi","1,641/km2",47°15′08″N 122°27′35″W / 47.2522°N 122.4598°W / 47.2522; -122.4598 (Tacoma)
146,Vancouver,Washington,175673,161791,+8.58%,46.9sqmi,121.5km2,"3,728/sqmi","1,439/km2",45°38′06″N 122°35′45″W / 45.6349°N 122.5957°W / 45.6349; -122.5957 (Vancouver)
182,Bellevue,Washington,144444,122363,+18.05%,33.5sqmi,86.8km2,"4,221/sqmi","1,630/km2",47°35′52″N 122°09′23″W / 47.5979°N 122.1565°W / 47.5979; -122.1565 (Bellevue)
215,Kent,Washington,128458,92411,+39.01%,33.7sqmi,87.3km2,"3,784/sqmi","1,461/km2",47°23′17″N 122°12′46″W / 47.3880°N 122.2127°W / 47.3880; -122.2127 (Kent)
272,Everett,Washington,110079,103019,+6.85%,33.3sqmi,86.2km2,"3,275/sqmi","1,264/km2",47°57′24″N 122°11′29″W / 47.9566°N 122.1914°W / 47.9566; -122.1914 (Everett)
305,Renton,Washington,101379,90927,+11.49%,23.4sqmi,60.6km2,"4,314/sqmi","1,666/km2",47°28′34″N 122°11′31″W / 47.4761°N 122.1920°W / 47.4761; -122.1920 (Renton)
179,Bridgeport,Connecticut,146579,144229,+1.63%,16.1sqmi,41.7km2,"9,064/sqmi","3,500/km2",41°11′15″N 73°11′45″W / 41.1874°N 73.1958°W / 41.1874; -73.1958 (Bridgeport)
210,New Haven,Connecticut,131014,129779,+0.95%,18.7sqmi,48.4km2,"6,948/sqmi","2,683/km2",41°18′39″N 72°55′30″W / 41.3108°N 72.9250°W / 41.3108; -72.9250 (New Haven)
211,Stamford,Connecticut,130824,122643,+6.67%,37.6sqmi,97.4km2,"3,434/sqmi","1,326/km2",41°04′48″N 73°32′46″W / 41.0799°N 73.5460°W / 41.0799; -73.5460 (Stamford)
222,Hartford,Connecticut,123400,124775,−1.10%,17.4sqmi,45.1km2,"7,083/sqmi","2,735/km2",41°45′57″N 72°40′54″W / 41.7659°N 72.6816°W / 41.7659; -72.6816 (Hartford)
276,Waterbury,Connecticut,108629,110366,−1.57%,28.5sqmi,73.8km2,"3,799/sqmi","1,467/km2",41°33′31″N 73°02′12″W / 41.5585°N 73.0367°W / 41.5585; -73.0367 (Waterbury)
156,Jackson,Mississippi,166965,173514,−3.77%,111.0sqmi,287.5km2,"1,524/sqmi",588/km2,32°18′57″N 90°12′46″W / 32.3158°N 90.2128°W / 32.3158; -90.2128 (Jackson)
225,Fargo,North Dakota,122359,105549,+15.93%,49.3sqmi,127.7km2,"2,450/sqmi",950/km2,46°51′55″N 96°49′44″W / 46.8652°N 96.8290°W / 46.8652; -96.8290 (Fargo)
6,Philadelphia[e],Pennsylvania,1580863,1526006,+3.59%,134.2sqmi,347.6km2,"11,683/sqmi","4,511/km2",40°00′34″N 75°08′00″W / 40.0094°N 75.1333°W / 40.0094; -75.1333 (5 Philadelphia)
65,Pittsburgh,Pennsylvania,302407,305704,−1.08%,55.4sqmi,143.5km2,"5,481/sqmi","2,116/km2",40°26′23″N 79°58′36″W / 40.4398°N 79.9766°W / 40.4398; -79.9766 (Pittsburgh)
231,Allentown,Pennsylvania,121283,118032,+2.75%,17.5sqmi,45.3km2,"6,882/sqmi","2,657/km2",40°35′37″N 75°28′42″W / 40.5936°N 75.4784°W / 40.5936; -75.4784 (Allentown)
137,Providence,Rhode Island,180393,178042,+1.32%,18.4sqmi,47.7km2,"9,740/sqmi","3,760/km2",41°49′23″N 71°25′08″W / 41.8231°N 71.4188°W / 41.8231; -71.4188 (Providence)
143,Sioux Falls,South Dakota,176888,153888,+14.95%,75.4sqmi,195.3km2,"2,312/sqmi",893/km2,43°32′18″N 96°43′55″W / 43.5383°N 96.7320°W / 43.5383; -96.7320 (Sioux Falls)
21,Boston,Massachusetts,685094,617594,+10.93%,48.3sqmi,125.1km2,"13,938/sqmi","5,381/km2",42°19′55″N 71°01′13″W / 42.3320°N 71.0202°W / 42.3320; -71.0202 (Boston)
132,Worcester,Massachusetts,185677,181045,+2.56%,37.4sqmi,96.9km2,"4,933/sqmi","1,905/km2",42°16′10″N 71°48′28″W / 42.2695°N 71.8078°W / 42.2695; -71.8078 (Worcester)
165,Springfield,Massachusetts,154758,153060,+1.11%,31.9sqmi,82.6km2,"4,830/sqmi","1,860/km2",42°06′56″N 72°32′24″W / 42.1155°N 72.5400°W / 42.1155; -72.5400 (Springfield)
252,Cambridge,Massachusetts,113630,105162,+8.05%,6.4sqmi,16.6km2,"17,289/sqmi","6,675/km2",42°22′34″N 71°07′07″W / 42.3760°N 71.1187°W / 42.3760; -71.1187 (Cambridge)
262,Lowell,Massachusetts,111346,106519,+4.53%,13.6sqmi,35.2km2,"8,129/sqmi","3,139/km2",42°38′20″N 71°19′16″W / 42.6390°N 71.3211°W / 42.6390; -71.3211 (Lowell)
263,Manchester,New Hampshire,111196,109565,+1.49%,33.1sqmi,85.7km2,"3,339/sqmi","1,289/km2",42°59′06″N 71°26′39″W / 42.9849°N 71.4441°W / 42.9849; -71.4441 (Manchester)
17,Charlotte,North Carolina,859035,731424,+17.45%,305.4sqmi,791.0km2,"2,757/sqmi","1,064/km2",35°12′28″N 80°49′52″W / 35.2078°N 80.8310°W / 35.2078; -80.8310 (17 Charlotte)
41,Raleigh,North Carolina,464758,403892,+15.07%,145.1sqmi,375.8km2,"3,163/sqmi","1,221/km2",35°49′50″N 78°38′30″W / 35.8306°N 78.6418°W / 35.8306; -78.6418 (Raleigh)
68,Greensboro,North Carolina,290222,269666,+7.62%,128.3sqmi,332.3km2,"2,237/sqmi",864/km2,36°05′42″N 79°49′37″W / 36.0951°N 79.8270°W / 36.0951; -79.8270 (Greensboro)
77,Durham,North Carolina,267743,228330,+17.26%,109.8sqmi,284.4km2,"2,395/sqmi",925/km2,35°58′52″N 78°54′10″W / 35.9811°N 78.9029°W / 35.9811; -78.9029 (Durham)
89,Winston–Salem,North Carolina,244605,229617,+6.53%,132.5sqmi,343.2km2,"1,828/sqmi",706/km2,36°06′10″N 80°15′40″W / 36.1027°N 80.2610°W / 36.1027; -80.2610 (Winston-Salem)
109,Fayetteville,North Carolina,209889,200564,+4.65%,147.7sqmi,382.5km2,"1,386/sqmi",535/km2,35°04′58″N 78°58′25″W / 35.0828°N 78.9735°W / 35.0828; -78.9735 (Fayetteville)
157,Cary[v],North Carolina,165904,135234,+22.68%,56.5sqmi,146.3km2,"2,873/sqmi","1,109/km2",35°46′51″N 78°48′48″W / 35.7809°N 78.8133°W / 35.7809; -78.8133 (Cary)
234,Wilmington,North Carolina,119045,106476,+11.80%,51.6sqmi,133.6km2,"2,278/sqmi",880/km2,34°12′33″N 77°53′09″W / 34.2092°N 77.8858°W / 34.2092; -77.8858 (Wilmington)
261,High Point,North Carolina,111513,104371,+6.84%,55.2sqmi,143.0km2,"2,015/sqmi",778/km2,35°59′24″N 79°59′26″W / 35.9900°N 79.9905°W / 35.9900; -79.9905 (High Point)
201,Charleston,South Carolina,134875,120083,+12.32%,109.0sqmi,282.3km2,"1,233/sqmi",476/km2,32°49′04″N 79°57′32″W / 32.8179°N 79.9590°W / 32.8179; -79.9590 (Charleston)
204,Columbia,South Carolina,133114,129272,+2.97%,133.5sqmi,345.8km2,"1,006/sqmi",388/km2,34°01′45″N 80°53′53″W / 34.0291°N 80.8980°W / 34.0291; -80.8980 (Columbia)
266,North Charleston,South Carolina,110861,97471,+13.74%,73.7sqmi,190.9km2,"1,483/sqmi",573/km2,32°55′04″N 80°03′54″W / 32.9178°N 80.0650°W / 32.9178; -80.0650 (North Charleston)
20,"Washington, D.C.[j]",District of Columbia,693972,601723,+15.33%,61.1sqmi,158.2km2,"11,148/sqmi","4,304/km2","38°54′15″N 77°01′02″W / 38.9041°N 77.0172°W / 38.9041; -77.0172 (Washington, D.C.)"
